"Family","Variable","Overall (N=422)","Continuers (n=307)","Stoppers (n=115)","p (uncorr)","p (FDR)","Sig","Effect Size [95% CI]","Interpretation"
"Demographics","age","73.47 (6.11)","73.61 (6.17)","73.11 (5.96)","0.452","0.859","","d = -0.08 [-0.29, 0.13]","Negligible"
"Demographics","sex","","","","0.908","0.908","","V = 0.01 [0.00, 0.10]","Negligible"
"Demographics","    Female","266 (63.0%)","193 (62.9%)","73 (63.5%)","","","","",""
"Demographics","    Male","156 (37.0%)","114 (37.1%)","42 (36.5%)","","","","",""
"Demographics","education","","","","0.383","0.859","","V = 0.04 [0.00, 0.14]","Negligible"
"Demographics","    High School or Less","89 (21.1%)","68 (22.1%)","21 (18.3%)","","","","",""
"Demographics","    Trade School/University Degree","333 (78.9%)","239 (77.9%)","94 (81.7%)","","","","",""
"Demographics","income","","","","0.811","0.908","","V = 0.06 [0.00, 0.16]","Negligible"
"Demographics","    $15,000 or less","3 (0.8%)","2 (0.8%)","1 (0.9%)","","","","",""
"Demographics","    $15,000 to $30,000","45 (10.7%)","34 (11.1%)","11 (9.6%)","","","","",""
"Demographics","    $30,000 to $50,000","80 (19.0%)","54 (17.6%)","26 (22.6%)","","","","",""
"Demographics","    $50,000 to $80,000","111 (26.3%)","83 (27.1%)","28 (24.3%)","","","","",""
"Demographics","    $80,000 or more","182 (43.2%)","133 (43.5%)","49 (42.6%)","","","","",""
"Demographics","employment","","","","0.137","0.859","","V = 0.07 [0.00, 0.17]","Negligible"
"Demographics","    Full- or Part-Time Work","31 (7.3%)","19 (6.2%)","12 (10.4%)","","","","",""
"Demographics","    Not in Workforce","391 (92.7%)","288 (93.8%)","103 (89.6%)","","","","",""
"Demographics","driving_freq","","","","0.613","0.859","","V = 0.07 [0.00, 0.16]","Negligible"
"Demographics","    Do not drive","26 (6.1%)","18 (5.9%)","7 (6.4%)","","","","",""
"Demographics","    Less than 1 day/week","30 (7.0%)","21 (7.0%)","8 (7.1%)","","","","",""
"Demographics","    1-3 days/week","117 (27.7%)","90 (29.2%)","27 (23.4%)","","","","",""
"Demographics","    4-7 days/week","250 (59.3%)","178 (57.8%)","72 (63.0%)","","","","",""
"Demographics","prov_terr","","","","0.509","0.859","","V = 0.07 [0.00, 0.17]","Negligible"
"Demographics","    Western Canada","166 (39.3%)","123 (40.1%)","43 (37.4%)","","","","",""
"Demographics","    Central Canada","109 (25.8%)","82 (26.7%)","27 (23.5%)","","","","",""
"Demographics","    Atlantic Canada","140 (33.2%)","96 (31.3%)","44 (38.3%)","","","","",""
"Demographics","    Territories","7 (1.7%)","6 (2.0%)","1 (0.9%)","","","","",""
"Clinical","phq2_score","1.33 (1.55)","1.39 (1.52)","1.17 (1.62)","0.221","0.529","","d = -0.14 [-0.35, 0.08]","Negligible"
"Clinical","osss_3_score","10.21 (2.26)","10.22 (2.24)","10.18 (2.33)","0.870","0.870","","d = -0.02 [-0.23, 0.20]","Negligible"
"Clinical","gen_health","","","","0.734","0.805","","V = 0.07 [0.00, 0.16]","Negligible"
"Clinical","    Poor","17 (4.0%)","14 (4.6%)","3 (2.6%)","","","","",""
"Clinical","    Fair","76 (18.0%)","57 (18.6%)","19 (16.5%)","","","","",""
"Clinical","    Good","146 (34.6%)","107 (34.9%)","39 (33.9%)","","","","",""
"Clinical","    Very good","145 (34.4%)","104 (33.9%)","41 (35.7%)","","","","",""
"Clinical","    Excellent","38 (9.0%)","25 (8.1%)","13 (11.3%)","","","","",""
"Clinical","med_quant","6.36 (4.02)","6.65 (4.08)","5.60 (3.75)","0.013","0.077","","d = -0.26 [-0.48, -0.05]","Small"
"Clinical","n_physical_conditions","3.39 (2.33)","3.41 (2.25)","3.31 (2.55)","0.710","0.805","","d = -0.04 [-0.26, 0.17]","Negligible"
"Clinical","n_ment_conditions","0.77 (0.95)","0.79 (0.97)","0.70 (0.90)","0.325","0.644","","d = -0.10 [-0.32, 0.11]","Negligible"
"Clinical","n_sleep_conditions","1.42 (0.68)","1.45 (0.66)","1.35 (0.74)","0.196","0.529","","d = -0.15 [-0.36, 0.07]","Negligible"
"Clinical","n_health_conditions","5.58 (3.01)","5.66 (2.95)","5.36 (3.17)","0.376","0.644","","d = -0.10 [-0.32, 0.11]","Negligible"
"Clinical","bzra_daily_diazepam_eq","0.79 (1.34)","0.81 (1.41)","0.73 (1.12)","0.532","0.798","","d = -0.06 [-0.28, 0.15]","Negligible"
"Clinical","c_lengthofuse","11.98 (9.77)","12.95 (9.99)","9.38 (8.67)","< .001","0.004","**","d = -0.37 [-0.59, -0.15]","Small"
"Clinical","fall2","","","","0.738","0.805","","V = 0.06 [0.00, 0.15]","Negligible"
"Clinical","    No fall / not injured","260 (61.6%)","188 (61.2%)","72 (62.6%)","","","","",""
"Clinical","    Minor injury","39 (9.2%)","27 (8.8%)","12 (10.4%)","","","","",""
"Clinical","    Serious injury","87 (20.6%)","67 (21.8%)","20 (17.4%)","","","","",""
"Clinical","    Fall but no injury","36 (8.5%)","25 (8.1%)","11 (9.6%)","","","","",""
"Clinical","alc_use","","","","0.092","0.366","","V = 0.14 [0.04, 0.23]","Small"
"Clinical","    Never","93 (22.0%)","63 (20.5%)","30 (26.1%)","","","","",""
"Clinical","    Low (<1 drink/wk)","113 (26.8%)","76 (24.8%)","37 (32.2%)","","","","",""
"Clinical","    Moderate (1-7 drinks/wk)","127 (30.1%)","103 (33.6%)","24 (20.9%)","","","","",""
"Clinical","    High (8-14 drinks/wk)","69 (16.4%)","49 (16.0%)","20 (17.4%)","","","","",""
"Clinical","    Very high (>14 drinks/wk)","20 (4.7%)","16 (5.2%)","4 (3.5%)","","","","",""
"Sleep_Adverse","alc_sleep","","","","0.589","0.884","","V = 0.08 [0.00, 0.18]","Negligible"
"Sleep_Adverse","    Never","401 (95.0%)","293 (95.4%)","108 (93.9%)","","","","",""
"Sleep_Adverse","    <1 day/week","4 (0.9%)","2 (0.7%)","2 (1.7%)","","","","",""
"Sleep_Adverse","    1-3 days/week","7 (1.7%)","6 (2.0%)","1 (0.9%)","","","","",""
"Sleep_Adverse","    4-6 days/week","4 (0.9%)","2 (0.7%)","2 (1.7%)","","","","",""
"Sleep_Adverse","    7 days/week","6 (1.4%)","4 (1.3%)","2 (1.7%)","","","","",""
"Sleep_Adverse","can_sleep","","","","0.892","0.892","","V = 0.05 [0.00, 0.15]","Negligible"
"Sleep_Adverse","    Never","368 (87.2%)","267 (87.0%)","101 (87.8%)","","","","",""
"Sleep_Adverse","    <1 day/week","20 (4.7%)","16 (5.2%)","4 (3.5%)","","","","",""
"Sleep_Adverse","    1-3 days/week","8 (1.9%)","5 (1.6%)","3 (2.6%)","","","","",""
"Sleep_Adverse","    4-6 days/week","5 (1.2%)","4 (1.3%)","1 (0.9%)","","","","",""
"Sleep_Adverse","    7 days/week","21 (5.0%)","15 (4.9%)","6 (5.2%)","","","","",""
"Sleep_Adverse","melatonin_use","","","","0.055","0.109","","V = 0.15 [0.06, 0.24]","Small"
"Sleep_Adverse","    Never","321 (76.1%)","245 (79.8%)","76 (66.1%)","","","","",""
"Sleep_Adverse","    <1 day/week","29 (6.9%)","17 (5.5%)","12 (10.4%)","","","","",""
"Sleep_Adverse","    1-3 days/week","13 (3.1%)","8 (2.6%)","5 (4.3%)","","","","",""
"Sleep_Adverse","    4-6 days/week","19 (4.5%)","13 (4.2%)","6 (5.2%)","","","","",""
"Sleep_Adverse","    7 days/week","40 (9.5%)","24 (7.8%)","16 (13.9%)","","","","",""
"Sleep_Adverse","op_sleep","","","","0.815","0.892","","V = 0.06 [0.00, 0.16]","Negligible"
"Sleep_Adverse","    Never","415 (98.3%)","301 (98.0%)","114 (99.1%)","","","","",""
"Sleep_Adverse","    <1 day/week","2 (0.5%)","2 (0.7%)","0 (0.0%)","","","","",""
"Sleep_Adverse","    1-3 days/week","2 (0.5%)","2 (0.7%)","0 (0.0%)","","","","",""
"Sleep_Adverse","    4-6 days/week","0 (0.0%)","0 (0.0%)","0 (0.0%)","","","","",""
"Sleep_Adverse","    7 days/week","3 (0.7%)","2 (0.7%)","1 (0.9%)","","","","",""
"Sleep_Adverse","stop_wdl_exp_combined","","","","< .001","0.003","**","V = 0.19 [0.10, 0.28]","Small"
"Sleep_Adverse","    No withdrawal","97 (23.0%)","56 (18.1%)","41 (36.1%)","","","","",""
"Sleep_Adverse","    Insomnia only","174 (41.2%)","133 (43.2%)","41 (35.8%)","","","","",""
"Sleep_Adverse","    Other withdrawal symptoms","151 (35.8%)","119 (38.7%)","32 (28.1%)","","","","",""
"Sleep_Adverse","wdl_symptom_count","1.22 (0.97)","1.32 (0.94)","0.97 (0.99)","0.001","0.003","**","d = -0.37 [-0.58, -0.15]","Small"
"Beliefs_COMB","benefitsC","3.80 (0.71)","3.82 (0.68)","3.72 (0.79)","0.219","0.292","","d = -0.15 [-0.36, 0.07]","Negligible"
"Beliefs_COMB","side_effectsC","2.23 (0.72)","2.16 (0.64)","2.43 (0.88)","0.004","0.006","**","d = +0.38 [0.16, 0.59]","Small"
"Beliefs_COMB","adlsC","1.89 (0.87)","1.78 (0.78)","2.18 (1.03)","< .001","0.001","**","d = +0.47 [0.25, 0.69]","Small"
"Beliefs_COMB","dependenceC","3.28 (0.94)","3.41 (0.89)","2.93 (0.99)","< .001","< .001","***","d = -0.53 [-0.75, -0.31]","Medium"
"Beliefs_COMB","motivationC","2.79 (0.96)","2.89 (0.96)","2.53 (0.92)","< .001","0.001","**","d = -0.37 [-0.59, -0.16]","Small"
"Beliefs_COMB","capabilityC","3.06 (1.07)","2.79 (0.98)","3.78 (0.99)","< .001","< .001","***","d = +1.00 [0.78, 1.22]","Large"
"Beliefs_COMB","pharmacistC","2.86 (0.61)","2.84 (0.58)","2.91 (0.70)","0.331","0.378","","d = +0.12 [-0.09, 0.34]","Negligible"
"Beliefs_COMB","prescriberC","2.85 (0.83)","2.87 (0.80)","2.80 (0.90)","0.515","0.515","","d = -0.08 [-0.30, 0.13]","Negligible"
"Psychological_Individual_Differences","BFI_Extraversion","3.21 (1.04)","3.18 (1.06)","3.31 (0.99)","0.254","0.504","","d = +0.13 [-0.08, 0.34]","Negligible"
"Psychological_Individual_Differences","BFI_Agreeableness","3.84 (0.84)","3.82 (0.86)","3.92 (0.76)","0.283","0.504","","d = +0.12 [-0.10, 0.33]","Negligible"
"Psychological_Individual_Differences","BFI_Conscientiousness","4.18 (0.82)","4.18 (0.83)","4.18 (0.77)","0.993","0.993","","d = +0.00 [-0.21, 0.21]","Negligible"
"Psychological_Individual_Differences","BFI_Neuroticism","2.90 (1.04)","2.92 (1.06)","2.84 (0.99)","0.473","0.688","","d = -0.08 [-0.29, 0.14]","Negligible"
"Psychological_Individual_Differences","BFI_Openness","3.58 (0.89)","3.52 (0.88)","3.74 (0.90)","0.035","0.138","","d = +0.25 [0.04, 0.47]","Small"
"Psychological_Individual_Differences","SURPS_Hopelessness","2.02 (0.48)","2.05 (0.47)","1.94 (0.50)","0.040","0.138","","d = -0.23 [-0.45, -0.02]","Small"
"Psychological_Individual_Differences","SURPS_Impulsivity","2.00 (0.47)","2.00 (0.47)","2.00 (0.49)","0.922","0.983","","d = -0.01 [-0.23, 0.20]","Negligible"
"Psychological_Individual_Differences","SURPS_Sensation_Seeking","1.99 (0.49)","1.96 (0.49)","2.07 (0.46)","0.043","0.138","","d = +0.23 [0.01, 0.44]","Small"
"Psychological_Individual_Differences","SURPS_Anxiety_Sensitivity","2.60 (0.49)","2.62 (0.48)","2.55 (0.50)","0.190","0.434","","d = -0.15 [-0.37, 0.06]","Negligible"
"Psychological_Individual_Differences","DBAS_Consequences","6.11 (1.95)","6.25 (1.86)","5.75 (2.15)","0.035","0.138","","d = -0.26 [-0.47, -0.04]","Small"
"Psychological_Individual_Differences","DBAS_Worry_Helplessness","5.53 (1.93)","5.59 (1.85)","5.37 (2.13)","0.351","0.562","","d = -0.11 [-0.33, 0.10]","Negligible"
"Psychological_Individual_Differences","DBAS_Expectations","6.21 (2.28)","6.16 (2.26)","6.32 (2.34)","0.555","0.740","","d = +0.07 [-0.14, 0.28]","Negligible"
"Psychological_Individual_Differences","DBAS_Medications","5.64 (1.96)","6.06 (1.65)","4.51 (2.25)","< .001","< .001","***","d = -0.85 [-1.07, -0.62]","Large"
"Psychological_Individual_Differences","CISS_Task","3.71 (0.64)","3.71 (0.65)","3.70 (0.61)","0.881","0.983","","d = -0.02 [-0.23, 0.20]","Negligible"
"Psychological_Individual_Differences","CISS_Emotion","2.77 (0.79)","2.81 (0.80)","2.65 (0.76)","0.068","0.181","","d = -0.20 [-0.42, 0.01]","Small"
"Psychological_Individual_Differences","CISS_Avoidance","2.82 (0.74)","2.82 (0.73)","2.81 (0.74)","0.912","0.983","","d = -0.01 [-0.23, 0.20]","Negligible"
