"Variable","Class","N_Complete","N_Missing","Pct_Missing","Domain"
"freq_dich","numeric",422,0,0,"OUTCOME"
"age","numeric",422,0,0,"Demographics"
"sex","numeric",422,0,0,"Demographics"
"prov_terr","numeric",422,0,0,"Demographics"
"education","numeric",422,0,0,"Demographics"
"employment","numeric",421,1,0.2,"Demographics"
"driving_freq","numeric",383,39,9.2,"Demographics"
"income","numeric",413,9,2.1,"Demographics"
"phq2_score","numeric",422,0,0,"Clinical: Health"
"osss_3_score","numeric",421,1,0.2,"Clinical: Health"
"gen_health","ordered/factor",422,0,0,"Clinical: Health"
"med_quant","numeric",422,0,0,"Clinical: Health"
"c_lengthofuse","numeric",422,0,0,"Clinical: Length of Use"
"fall2","numeric",422,0,0,"Clinical: Falls"
"n_health_conditions","numeric",422,0,0,"Clinical: Condition Counts"
"n_physical_conditions","numeric",422,0,0,"Clinical: Condition Counts"
"n_ment_conditions","numeric",422,0,0,"Clinical: Condition Counts"
"n_sleep_conditions","numeric",422,0,0,"Clinical: Condition Counts"
"alc_sleep","numeric",422,0,0,"Behavioural: Sleep Aids"
"can_sleep","numeric",422,0,0,"Behavioural: Sleep Aids"
"melatonin_use","numeric",422,0,0,"Behavioural: Sleep Aids"
"op_sleep","numeric",422,0,0,"Behavioural: Sleep Aids"
"alc_use","numeric",422,0,0,"Other"
"bzra_daily_diazepam_eq","numeric",412,10,2.4,"Clinical: BZRA Dose"
"benefit_1","numeric",380,42,10,"Beliefs: Benefits"
"benefit_4","numeric",378,44,10.4,"Beliefs: Benefits"
"benefit_5","numeric",379,43,10.2,"Beliefs: Benefits"
"benefit_6","numeric",378,44,10.4,"Beliefs: Benefits"
"side_effects_1","numeric",379,43,10.2,"Beliefs: Side Effects"
"side_effects_2","numeric",378,44,10.4,"Beliefs: Side Effects"
"side_effects_3","numeric",378,44,10.4,"Beliefs: Side Effects"
"side_effects_4","numeric",371,51,12.1,"Beliefs: Side Effects"
"adls_1","numeric",371,51,12.1,"Beliefs: ADL Impact"
"adls_2","numeric",370,52,12.3,"Beliefs: ADL Impact"
"dependence_1","numeric",369,53,12.6,"Beliefs: Dependence"
"dependence_2","numeric",367,55,13,"Beliefs: Dependence"
"dependence_3","numeric",367,55,13,"Beliefs: Dependence"
"motivation_1","numeric",367,55,13,"COM-B: Motivation"
"motivation_2","numeric",367,55,13,"COM-B: Motivation"
"motivation_3","numeric",367,55,13,"COM-B: Motivation"
"capability_1","numeric",366,56,13.3,"COM-B: Capability"
"capability","numeric",366,56,13.3,"COM-B: Capability"
"desires_1","numeric",367,55,13,"COM-B: Desires"
"desires_2","numeric",366,56,13.3,"COM-B: Desires"
"inf_hcp_1","numeric",366,56,13.3,"COM-B: HCP Influence"
"inf_hcp_3","numeric",366,56,13.3,"COM-B: HCP Influence"
"stop_wdl_exp_combined","factor",405,17,4,"Clinical: Withdrawal"
"wdl_symptom_count","numeric",405,17,4,"Clinical: Withdrawal"
"dbas1","numeric",355,67,15.9,"Psychological Individual Differences: DBAS"
"dbas_2","numeric",355,67,15.9,"Psychological Individual Differences: DBAS"
"dbas_3","numeric",355,67,15.9,"Psychological Individual Differences: DBAS"
"dbas_4","numeric",355,67,15.9,"Psychological Individual Differences: DBAS"
"dbas_5","numeric",355,67,15.9,"Psychological Individual Differences: DBAS"
"dbas_6","numeric",355,67,15.9,"Psychological Individual Differences: DBAS"
"dbas_7","numeric",355,67,15.9,"Psychological Individual Differences: DBAS"
"dbas_8","numeric",355,67,15.9,"Psychological Individual Differences: DBAS"
"dbas_9","numeric",355,67,15.9,"Psychological Individual Differences: DBAS"
"dbas_10","numeric",355,67,15.9,"Psychological Individual Differences: DBAS"
"dbas_11","numeric",355,67,15.9,"Psychological Individual Differences: DBAS"
"dbas_12","numeric",355,67,15.9,"Psychological Individual Differences: DBAS"
"dbas_13","numeric",355,67,15.9,"Psychological Individual Differences: DBAS"
"dbas_14","numeric",355,67,15.9,"Psychological Individual Differences: DBAS"
"dbas_15","numeric",355,67,15.9,"Psychological Individual Differences: DBAS"
"dbas_16","numeric",355,67,15.9,"Psychological Individual Differences: DBAS"
"reserved_r","numeric",355,67,15.9,"Psychological Individual Differences: BFI"
"trusting","numeric",355,67,15.9,"Psychological Individual Differences: BFI"
"lazy_r","numeric",355,67,15.9,"Psychological Individual Differences: BFI"
"relaxed_r","numeric",355,67,15.9,"Psychological Individual Differences: BFI"
"few_interests_r","numeric",355,67,15.9,"Psychological Individual Differences: BFI"
"outgoing","numeric",355,67,15.9,"Psychological Individual Differences: BFI"
"find_fault_r","numeric",355,67,15.9,"Psychological Individual Differences: BFI"
"thorough","numeric",355,67,15.9,"Psychological Individual Differences: BFI"
"nervous","numeric",355,67,15.9,"Psychological Individual Differences: BFI"
"imagination","numeric",355,67,15.9,"Psychological Individual Differences: BFI"
"surps1_r","numeric",354,68,16.1,"Psychological Individual Differences: SURPS"
"surps2","numeric",354,68,16.1,"Psychological Individual Differences: SURPS"
"surps3","numeric",354,68,16.1,"Psychological Individual Differences: SURPS"
"surps4_r","numeric",354,68,16.1,"Psychological Individual Differences: SURPS"
"surps5","numeric",354,68,16.1,"Psychological Individual Differences: SURPS"
"surps6","numeric",354,68,16.1,"Psychological Individual Differences: SURPS"
"surps7_r","numeric",354,68,16.1,"Psychological Individual Differences: SURPS"
"surps8","numeric",354,68,16.1,"Psychological Individual Differences: SURPS"
"surps9","numeric",353,69,16.4,"Psychological Individual Differences: SURPS"
"surps10","numeric",353,69,16.4,"Psychological Individual Differences: SURPS"
"surps11","numeric",353,69,16.4,"Psychological Individual Differences: SURPS"
"surps12","numeric",353,69,16.4,"Psychological Individual Differences: SURPS"
"surps13_r","numeric",353,69,16.4,"Psychological Individual Differences: SURPS"
"surps14","numeric",353,69,16.4,"Psychological Individual Differences: SURPS"
"surps15","numeric",353,69,16.4,"Psychological Individual Differences: SURPS"
"surps16","numeric",353,69,16.4,"Psychological Individual Differences: SURPS"
"surps17","numeric",351,71,16.8,"Psychological Individual Differences: SURPS"
"surps18","numeric",351,71,16.8,"Psychological Individual Differences: SURPS"
"surps19","numeric",351,71,16.8,"Psychological Individual Differences: SURPS"
"surps20_r","numeric",351,71,16.8,"Psychological Individual Differences: SURPS"
"surps21","numeric",351,71,16.8,"Psychological Individual Differences: SURPS"
"surps22","numeric",351,71,16.8,"Psychological Individual Differences: SURPS"
"surps23_r","numeric",351,71,16.8,"Psychological Individual Differences: SURPS"
"ciss1","numeric",351,71,16.8,"Psychological Individual Differences: CISS"
"ciss2","numeric",351,71,16.8,"Psychological Individual Differences: CISS"
"ciss3","numeric",351,71,16.8,"Psychological Individual Differences: CISS"
"ciss4","numeric",351,71,16.8,"Psychological Individual Differences: CISS"
"ciss5","numeric",351,71,16.8,"Psychological Individual Differences: CISS"
"ciss6","numeric",351,71,16.8,"Psychological Individual Differences: CISS"
"ciss7","numeric",351,71,16.8,"Psychological Individual Differences: CISS"
"ciss8","numeric",351,71,16.8,"Psychological Individual Differences: CISS"
"ciss9","numeric",351,71,16.8,"Psychological Individual Differences: CISS"
"ciss10","numeric",351,71,16.8,"Psychological Individual Differences: CISS"
"ciss11","numeric",350,72,17.1,"Psychological Individual Differences: CISS"
"ciss12","numeric",350,72,17.1,"Psychological Individual Differences: CISS"
"ciss13","numeric",350,72,17.1,"Psychological Individual Differences: CISS"
"ciss14","numeric",350,72,17.1,"Psychological Individual Differences: CISS"
"ciss15","numeric",350,72,17.1,"Psychological Individual Differences: CISS"
"ciss16","numeric",350,72,17.1,"Psychological Individual Differences: CISS"
"ciss17","numeric",350,72,17.1,"Psychological Individual Differences: CISS"
"ciss18","numeric",350,72,17.1,"Psychological Individual Differences: CISS"
"ciss19","numeric",350,72,17.1,"Psychological Individual Differences: CISS"
"ciss20","numeric",350,72,17.1,"Psychological Individual Differences: CISS"
"ciss21","numeric",350,72,17.1,"Psychological Individual Differences: CISS"
